[
  {
    "id": "d2bb8b84-d326-4187-bb97-06986489724e",
    "data": [
      {
        "text": "Welche Events sind ",
        "userDefined": false
      },
      {
        "text": "morgen",
        "alias": "date-time",
        "meta": "@Date-Time",
        "userDefined": true
      },
      {
        "text": "?",
        "userDefined": false
      }
    ],
    "isTemplate": false,
    "count": 5,
    "updated": 1547922679
  },
  {
    "id": "f42d032a-a9ef-4fc6-b124-b875e21d62d9",
    "data": [
      {
        "text": "Welche Meetups passieren am ",
        "userDefined": false
      },
      {
        "text": "morgigen",
        "alias": "date-time",
        "meta": "@Date-Time",
        "userDefined": true
      },
      {
        "text": " Tag?",
        "userDefined": false
      }
    ],
    "isTemplate": false,
    "count": 8,
    "updated": 1547922679
  },
  {
    "id": "979532ba-b45e-420b-bbd2-b7671cdd2018",
    "data": [
      {
        "text": "Was ist innerhalb der ",
        "userDefined": false
      },
      {
        "text": "nächsten Woche",
        "alias": "date-time",
        "meta": "@Date-Time",
        "userDefined": true
      },
      {
        "text": "?",
        "userDefined": false
      }
    ],
    "isTemplate": false,
    "count": 4,
    "updated": 1547922679
  },
  {
    "id": "ba6b93c1-0186-4078-9dd8-1c535403caee",
    "data": [
      {
        "text": "Was ist ",
        "userDefined": false
      },
      {
        "text": "gestern",
        "alias": "date-time",
        "meta": "@Date-Time",
        "userDefined": false
      },
      {
        "text": " gewesen?",
        "userDefined": false
      }
    ],
    "isTemplate": false,
    "count": 1,
    "updated": 1547922679
  },
  {
    "id": "74de7fa6-7b32-46c5-85a8-e56522a890d0",
    "data": [
      {
        "text": "Moin was geht ",
        "userDefined": false
      },
      {
        "text": "morgen",
        "alias": "date-time",
        "meta": "@Date-Time",
        "userDefined": false
      },
      {
        "text": "?",
        "userDefined": false
      }
    ],
    "isTemplate": false,
    "count": 3,
    "updated": 1547922679
  },
  {
    "id": "c510bf90-86d0-4ff2-a3c1-05496b22082a",
    "data": [
      {
        "text": "Welche Ereignisse gab es ",
        "userDefined": false
      },
      {
        "text": "gestern",
        "alias": "date-time",
        "meta": "@Date-Time",
        "userDefined": true
      },
      {
        "text": "?",
        "userDefined": false
      }
    ],
    "isTemplate": false,
    "count": 29,
    "updated": 1547922679
  },
  {
    "id": "1886586a-8f8d-43c6-89e8-ed0e8f2c2b3b",
    "data": [
      {
        "text": "Welche Ereignisse gab es ",
        "userDefined": false
      },
      {
        "text": "heute",
        "alias": "date-time",
        "meta": "@Date-Time",
        "userDefined": false
      },
      {
        "text": "?",
        "userDefined": false
      }
    ],
    "isTemplate": false,
    "count": 8,
    "updated": 1547922679
  },
  {
    "id": "6668bfa0-85f7-4183-abae-31fb1e7a68ce",
    "data": [
      {
        "text": "Hi! Was habe ich ",
        "userDefined": false
      },
      {
        "text": "gestern",
        "alias": "date-time",
        "meta": "@Date-Time",
        "userDefined": false
      },
      {
        "text": " denn verpasst bei Nucleon?",
        "userDefined": false
      }
    ],
    "isTemplate": false,
    "count": 1,
    "updated": 0
  },
  {
    "id": "28545883-06e6-4453-b75a-0666c583dfce",
    "data": [
      {
        "text": "Ist ",
        "userDefined": false
      },
      {
        "text": "gestern",
        "alias": "date-time",
        "meta": "@Date-Time",
        "userDefined": false
      },
      {
        "text": " etwas gewesen?",
        "userDefined": false
      }
    ],
    "isTemplate": false,
    "count": 2,
    "updated": 0
  },
  {
    "id": "1238c603-5bdd-4794-9452-1a35536c3795",
    "data": [
      {
        "text": "Was passierte ",
        "userDefined": false
      },
      {
        "text": "gestern",
        "alias": "date-time",
        "meta": "@Date-Time",
        "userDefined": false
      }
    ],
    "isTemplate": false,
    "count": 0,
    "updated": 0
  },
  {
    "id": "4f112c3a-6d54-4bd1-a24b-dc2f48b16535",
    "data": [
      {
        "text": "Was geht ",
        "userDefined": false
      },
      {
        "text": "nächste woche",
        "alias": "date-time",
        "meta": "@Date-Time",
        "userDefined": true
      },
      {
        "text": " ab?!",
        "userDefined": false
      }
    ],
    "isTemplate": false,
    "count": 0,
    "updated": 0
  },
  {
    "id": "c066b340-e6d9-4872-9730-d25b0f2da8ed",
    "data": [
      {
        "text": "Was passiert ",
        "userDefined": false
      },
      {
        "text": "morgen",
        "alias": "date-time",
        "meta": "@Date-Time",
        "userDefined": true
      },
      {
        "text": "?",
        "userDefined": false
      }
    ],
    "isTemplate": false,
    "count": 5,
    "updated": 1547922679
  },
  {
    "id": "88c99b51-6f63-4e7a-b6a8-192a68458a9f",
    "data": [
      {
        "text": "Gibt es was ",
        "userDefined": false
      },
      {
        "text": "morgen",
        "alias": "date-time",
        "meta": "@Date-Time",
        "userDefined": false
      },
      {
        "text": "?",
        "userDefined": false
      }
    ],
    "isTemplate": false,
    "count": 0,
    "updated": 1547922679
  },
  {
    "id": "44491986-88d6-47a8-9a84-5f310d4e7081",
    "data": [
      {
        "text": "was ist ",
        "userDefined": false
      },
      {
        "text": "nächste woche",
        "alias": "date-time",
        "meta": "@Date-Time",
        "userDefined": false
      },
      {
        "text": "?",
        "userDefined": false
      }
    ],
    "isTemplate": false,
    "count": 1,
    "updated": 1547922679
  },
  {
    "id": "b28e6c9c-430d-4db8-b968-fb504043e768",
    "data": [
      {
        "text": "was ist in ",
        "userDefined": false
      },
      {
        "text": "einer woche",
        "alias": "date-time",
        "meta": "@Date-Time",
        "userDefined": true
      },
      {
        "text": "?",
        "userDefined": false
      }
    ],
    "isTemplate": false,
    "count": 2,
    "updated": 1547922679
  },
  {
    "id": "d1cb6921-80c6-45dc-aa7b-a4a6b58d0b25",
    "data": [
      {
        "text": "was ist ",
        "userDefined": false
      },
      {
        "text": "diese woche",
        "alias": "date-time",
        "meta": "@Date-Time",
        "userDefined": false
      },
      {
        "text": "?",
        "userDefined": false
      }
    ],
    "isTemplate": false,
    "count": 0,
    "updated": 1547922679
  },
  {
    "id": "38824328-cd1e-4b93-a2d1-f98133b89ccd",
    "data": [
      {
        "text": "Was passiert ",
        "userDefined": false
      },
      {
        "text": "diese Woche",
        "alias": "date-time",
        "meta": "@Date-Time",
        "userDefined": true
      },
      {
        "text": "?",
        "userDefined": false
      }
    ],
    "isTemplate": false,
    "count": 0,
    "updated": 1547922679
  },
  {
    "id": "665343d7-ecd5-4935-9436-e5b77b709054",
    "data": [
      {
        "text": "GIbt es ",
        "userDefined": false
      },
      {
        "text": "morgen",
        "alias": "date-time",
        "meta": "@Date-Time",
        "userDefined": true
      },
      {
        "text": " einen Termin?",
        "userDefined": false
      }
    ],
    "isTemplate": false,
    "count": 0,
    "updated": 1547922679
  }
]